,Tweets,CleanTweets,Polarity,Subjectivity,Segmentation
0,"THROWBACK:

When Cristiano Ronaldo ended Ashley Cole‚Äôs career. 

Literally split him up. ",THROWBACK: When Cristiano Ronaldo ended Ashley Cole‚Äôs career. Literally split up.,0.0,0.0,neutral
1,If Marseille reject Ronaldo unless your man text Gareth Bale make he teach him  how to play golf so say he go channel his energy go there.,If Marseille reject Ronaldo unless man text Gareth Bale make teach play golf say go channel energy go there.,0.0,0.0,neutral
2,"Uefa wants to make barca's life miserable by putting them in Group C against bayern and inter.Lukaku's Inter will surely join Ronaldo's Man United in 
Europa.
Real Madrid in the final again to win de Ucl Cup Done,Group F de3 easy qualification to the final.
#ChampionsLeaguedraw","Uefa wants make barca's life miserable putting Group C bayern inter.Lukaku's Inter surely join Ronaldo's Man United Europa. Real Madrid final win de Ucl Cup Done,Group F de3 easy qualification final.",0.14166666666666666,0.6902777777777778,positive
3,"""THE ONLY WAY YOU DON'T PICK RONALDO IS IF HE'S BEING SOLD NEXT WEEK!""
@markgoldbridge
 thinks that Ronaldo needs to return to the #mufc starting XI at the weekend

Do you agree? 

 https://youtube.com/watch?v=EOvHPc70b-A‚Ä¶","""THE ONLY WAY YOU DON'T PICK RONALDO IS IF HE'S BEING SOLD NEXT WEEK!"" thinks Ronaldo needs return ? https://youtube.com/watch?v=EOvHPc70b-A‚Ä¶",0.0,0.5,neutral
4," Michael Ballack on Virgil van Dijk: 

‚ÄúVirgil Van Dijk is very lucky to play in an era where there is no Drogba, Lampard, Alan Shearer, Henry, Rooney, Van Persie, Tevez, Adebayor and Diego Costa in the Premier League. No wonder they think he is the best defender in the League‚Äù","Michael Ballack Virgil van Dijk: ‚ÄúVirgil Van Dijk lucky play era Drogba, Lampard, Alan Shearer, Henry, Rooney, Van Persie, Tevez, Adebayor Diego Costa Premier League. No wonder think best defender League‚Äù",0.6666666666666666,0.5666666666666667,positive
5,"Congratulations BR football. Excellent professionalism  you can‚Äôt tell me that there isn‚Äôt an agenda against Ronaldo. Media and pundits have always been against Ronaldo since the very beginning. Unreal hatred and mockery. 

Good troll but unexpected from a professional page.",Congratulations BR football. Excellent professionalism can‚Äôt tell isn‚Äôt agenda Ronaldo. Media pundits always Ronaldo since beginning. Unreal hatred mockery. Good troll unexpected professional page.,0.47500000000000003,0.675,positive
6,Ronaldo's Sister at it again.,Ronaldo's Sister again.,0.0,0.0,neutral
7,"Cristiano Ronaldo is urged to join Marseille by Djibril Cisse, with French giants already 'carrying out a study to judge the finances of signing him'","Cristiano Ronaldo urged join Marseille Djibril Cisse, French giants already 'carrying study judge finances signing him'",0.0,0.0,neutral
8,"If Luuk De Jong manages to take PSV to the champions league tonight, it will be greater than anything Cristiano Ronaldo has ever done for Manchester United since his return.","If Luuk De Jong manages take PSV champions league tonight, greater anything Cristiano Ronaldo ever done Manchester United since return.",0.5,0.5,positive
9,Imagine Cristiano Ronaldo joining Sporting Lisbon only to place 3rd in their group and get eliminated from Europa league by Manchester United ,Imagine Cristiano Ronaldo joining Sporting Lisbon place 3rd group get eliminated Europa league Manchester United,0.0,0.0,neutral
10," Fabrizio Romano 

Man United still insist that Cristiano Ronaldo is not for sale.",Fabrizio Romano Man United still insist Cristiano Ronaldo sale.,0.0,0.0,neutral
11,"Owen's greatest Premier League XI:

Schmeichel; Neville, Ferdinand, Terry, Cole; Gerrard, Vieira, Scholes; Ronaldo, Shearer, Henry.

Bench: Yaya Toure, Rooney, De Bruyne

Owen on Ronaldo:

""I had to get Ronaldo in, He‚Äôs one of the greatest players ever. Full stop.""

[MEN]","Owen's greatest Premier League XI: Schmeichel; Neville, Ferdinand, Terry, Cole; Gerrard, Vieira, Scholes; Ronaldo, Shearer, Henry. Bench: Yaya Toure, Rooney, De Bruyne Owen Ronaldo: ""I get Ronaldo in, He‚Äôs one greatest players ever. Full stop."" [MEN]",0.7833333333333333,0.85,positive
12,"The best forward you've met in your career?

Kroos:

‚ÄúCristiano Ronaldo.""

(
@diarioas
)","The best forward met career? Kroos: ‚ÄúCristiano Ronaldo."" ( )",1.0,0.3,positive
13,"Cristiano Ronaldo in his First 6 League Seasons at Real Madrid. 

Games 192
G/A 290

Absolutely Crazy ",Cristiano Ronaldo First 6 League Seasons Real Madrid. Games 192 G/A 290 Absolutely Crazy,-0.04999999999999999,0.5111111111111111,negative
14,Tiktok the only place Ronaldo and Messi can go live together ,Tiktok place Ronaldo Messi go live together,0.13636363636363635,0.5,positive
15,"Even we the Messi fans will miss Ronaldo in the champions league, he‚Äôs the one person that has been able to put up a challenge with the Leo Messi","Even Messi fans miss Ronaldo champions league, he‚Äôs one person able put challenge Leo Messi",0.5,0.625,positive
16," Casemiro on Varane and Ronaldo:

‚ÄúLooking back at his time at Real Madrid, I think we spent seven years together, so it's an honour to play once again with these players but not just these guys.‚Äù #mufc #mujournal 

[MU]","Casemiro Varane Ronaldo: ‚ÄúLooking back time Real Madrid, I think spent seven years together, honour play players guys.‚Äù [MU]",0.03333333333333333,0.13333333333333333,positive
17, The END of CRISTIANO RONALDO? Join The Debate: https://buff.ly/3dOZbcZ,The END CRISTIANO RONALDO? Join The Debate: https://buff.ly/3dOZbcZ,0.0,0.0,neutral
18,It's so disrespectful when people do this,It's disrespectful people,0.0,0.0,neutral
19,"@Cristiano
 absolutely blanking 
@Carra23
 there 
Had you doing a 360 like the old days ",absolutely blanking Had 360 like old days,0.15000000000000002,0.55,positive
20,"""I'M STARTING TO THINK HE'LL GO..."" 
@markgoldbridge
, on the reports that Ronaldo could return to Sporting, wouldn't be shocked if he goes back now. Do you think he'll go to Portugal? 

Join  http://buff.ly/3ThJ8EL","""I'M STARTING TO THINK HE'LL GO..."" , reports Ronaldo could return Sporting, shocked goes back now. Do think he'll go Portugal? Join http://buff.ly/3ThJ8EL",-0.2333333333333333,0.3,negative
21,Three peat Ronaldo ,Three peat Ronaldo,0.0,0.0,neutral
22,Henry still mad he got silenced by 19 ye old Ronaldo lol he has never respected him since and all the other players who disrespect Ronaldo have also been victims of Ronaldo success against them,Henry still mad got silenced 19 ye old Ronaldo lol never respected since players disrespect Ronaldo also victims Ronaldo success,0.14375,0.475,positive
23," Cristiano Ronaldo to Sporting isn‚Äôt nearly done, and it's highly unlikely that Cristiano will join the Sporting Lisbon. 

(
@JonathanShrager
)","Cristiano Ronaldo Sporting isn‚Äôt nearly done, highly unlikely Cristiano join Sporting Lisbon. ( )",-0.2,0.45,negative
24,"Unbeatable records:

- Lewandowski: 5 goals in 9 mins

- Messi: 91 goal in one year 

- Ronaldo: rejected by 9 clubs in a single transfer window.",Unbeatable records: - Lewandowski: 5 goals 9 mins - Messi: 91 goal one year - Ronaldo: rejected 9 clubs single transfer window.,-0.07142857142857142,0.21428571428571427,negative
25,"Ronaldo told Benzema all the tips of success and today he is the Best Player in Europe 

Messi told Suarez all his tips and today he is back in Uruguay.",Ronaldo told Benzema tips success today Best Player Europe Messi told Suarez tips today back Uruguay.,0.43333333333333335,0.09999999999999999,positive
26,"Gigi Buffon is a class act. 

Just listen to him talking about THAT Cristiano Ronaldo overhead kick. 

 
@ESPNFC",Gigi Buffon class act. Just listen talking THAT Cristiano Ronaldo overhead kick.,0.0,0.0,neutral
27," Benfica are the ONLY team in club football that have played against both Messi and Ronaldo and never let them score!

Messi 2 games, 0G + 2A
Ronaldo 5 games, 0G + 2A

Messi will have the opportunity to end this unique stat this season.","Benfica ONLY team club football played Messi Ronaldo never let score! Messi 2 games, 0G + 2A Ronaldo 5 games, 0G + 2A Messi opportunity end unique stat season.",0.1875,1.0,positive
28,Ronaldo after the ucl draw,Ronaldo ucl draw,0.0,0.0,neutral
29,No way Messi was scared of Ronaldo owning in the French league that he forced OM to reject him ,No way Messi scared Ronaldo owning French league forced OM reject,-0.15000000000000002,0.1,negative
30,"Whatever Ronaldo is going to speak about in a few weeks, I hope it's not about retirement 

#GlazersOut #GlazersOutNOW #GlazersSellNow #GlazersMUSTGo","Whatever Ronaldo going speak weeks, I hope retirement",0.0,0.0,neutral
31,"Another journalist's name, in Ronaldo's notebook.","Another journalist's name, Ronaldo's notebook.",0.0,0.0,neutral
32," Even though Cristiano Ronaldo wants to leave Man Utd, genuine suitors are slim. The only firm bid has come from a Saudi Arabian club offering many millions.  

Ten Hag still wants an attacker in regardless, and probably two if Ronaldo leaves. 

(Source: 
@lauriewhitwell
)","Even though Cristiano Ronaldo wants leave Man Utd, genuine suitors slim. The firm bid come Saudi Arabian club offering many millions. Ten Hag still wants attacker regardless, probably two Ronaldo leaves. (Source: )",0.2285714285714286,0.37142857142857144,positive
33,Ronaldo's reaction to Sancho's goal against Liverpool. Legend ,Ronaldo's reaction Sancho's goal Liverpool. Legend,0.0,0.0,neutral
34,‚ÄúRonaldo is the problem‚Äù they say,‚ÄúRonaldo problem‚Äù say,0.0,0.0,neutral
35,Cristiano Ronaldo after the 2014 World Cup he was mentally disturbed and that physical injury made it worse..,Cristiano Ronaldo 2014 World Cup mentally disturbed physical injury made worse..,-0.16666666666666666,0.3142857142857143,negative
36,As Karim Mustapha Benzema has won the UEFA mens award it means he has better legacy than Ronaldo and Messi right?,As Karim Mustapha Benzema UEFA mens award means better legacy Ronaldo Messi right?,0.39285714285714285,0.5178571428571428,positive
37,"Marseille President Pablo Longoria:

The rumors of Cristiano Ronaldo are false, the world of social media is full of fake news, it is like saying that De Bruyne or Haaland is a target for Marseille.","Marseille President Pablo Longoria: The rumors Cristiano Ronaldo false, world social media full fake news, like saying De Bruyne Haaland target Marseille.",-0.1291666666666667,0.5541666666666667,negative
38,"Nothing, just a ""toxic"" Cristiano Ronaldo encouraging his teammates before an important match, he knew he won't start.","Nothing, ""toxic"" Cristiano Ronaldo encouraging teammates important match, knew start.",0.4,1.0,positive
39," Talk of the Devils 

Full podcast now up for your ears.

A year of Ronaldo, arrival of Casemiro + what comes next after Liverpool (fixing broken Fanta machine in OT press room to start )

#MUFC
@ianirvingtv
@AndyMitten
@Ankaman616","Talk Devils Full podcast ears. A year Ronaldo, arrival Casemiro + comes next Liverpool (fixing broken Fanta machine OT press room start )",-0.01666666666666668,0.3166666666666667,negative
40,The day Cristiano Ronaldo retires will be the saddest day in football,The day Cristiano Ronaldo retires saddest day football,0.0,0.0,neutral
41,"Abeg I missed the draw. 

Who Man United and Ronaldo dey play for Champions League abeg?",Abeg I missed draw. Who Man United Ronaldo dey play Champions League abeg?,0.0,0.0,neutral
42,Ronaldo got 11 goals vs Tottenham,Ronaldo got 11 goals vs Tottenham,0.0,0.0,neutral
43,| Casemiro was straight away put into a group of 3 with Varane and Ronaldo in training. #MUFC,| Casemiro straight away put group 3 Varane Ronaldo training.,0.2,0.4,positive
44," Cristiano Ronaldo is still in limbo over his future at Man Utd

 Marseille look set to become the latest team to snub him",Cristiano Ronaldo still limbo future Man Utd Marseille look set become latest team snub,0.25,0.5125,positive
45,Ross Wilson making enquiries about Ronaldo last night,Ross Wilson making enquiries Ronaldo last night,0.0,0.06666666666666667,neutral
46,What UCL group Ronaldo get? How come I don‚Äôt see his name?,What UCL group Ronaldo get? How come I don‚Äôt see name?,0.0,0.0,neutral
47,"Olympique Marseille are currently not in negotiations to sign Cristiano Ronaldo. Pablo Longoria, disappointed with the rumours as OM are trying to build completely different project.  #OM 

More on OM position on Ronaldo, project and signings: https://youtube.com/watch?v=isjxoE0QE8k‚Ä¶","Olympique Marseille currently negotiations sign Cristiano Ronaldo. Pablo Longoria, disappointed rumours OM trying build completely different project. , project signings: https://youtube.com/watch?v=isjxoE0QE8k‚Ä¶",-0.25,0.5833333333333334,negative
48,Marseille president 'angry' at Cristiano Ronaldo rumours #mufc https://manchestereveningnews.co.uk/sport/football/transfer-news/man-united-transfer-news-live-24846120‚Ä¶,Marseille president 'angry' Cristiano Ronaldo rumours ://manchestereveningnews.co.uk/sport/football/transfer-news/man-united-transfer-news-live-24846120‚Ä¶,-0.5,1.0,negative
49,"Get out Glazers, #GlazersOut #GlazersOut #GlazersOut #GlazersOut #GlazersOut #GlazersOut #GlazersOut #GlazersOut #GlazersOut #GlazersOut #GlazersOut #GlazersOut #GlazersOut #GlazersOut #GlazersOut #GlazersOut #GlazersOut #GlazersOut #GlazersOut 
@Cristiano
 I understand","Get Glazers,",0.0,0.0,neutral
50,Cristiano Ronaldo is one Complete Player ,Cristiano Ronaldo one Complete Player,0.1,0.4,positive
51,"Karim Benzema is the 2nd French player to win the UEFA Men's Player of the Year Award after Franck Rib√©ry in 2013.

5th time a Real Madrid player wins the award (Cristiano Ronaldo in 2014, 2016-17, Luka Modric in 2018)","Karim Benzema 2nd French player win UEFA Men's Player Year Award Franck Rib√©ry 2013. 5th time Real Madrid player wins award (Cristiano Ronaldo 2014, 2016-17, Luka Modric 2018)",0.26,0.18000000000000002,positive
52,"Cristiano Ronaldo to Sporting isn‚Äôt nearly done and it is not a possiblity that he will join the club this month. [
@JonathanShrager
] #MUFC",Cristiano Ronaldo Sporting isn‚Äôt nearly done possiblity join club month. [ ],0.1,0.4,positive
53,Easy question ,Easy question,0.43333333333333335,0.8333333333333334,positive
54,"Why was Ronaldo particularly targeted with fake news by the media this window? So coordinated, so sinister.","Why Ronaldo particularly targeted fake news media window? So coordinated, sinister.",-0.2777777777777778,0.7777777777777777,negative
55,Ross Wilson leaving Old Trafford after inquiring about Ronaldo on loan,Ross Wilson leaving Old Trafford inquiring Ronaldo loan,0.1,0.2,positive
56,Messi dunking on Ronaldo in a clasico twice a season again? Sounds amazing to me,Messi dunking Ronaldo clasico twice season again? Sounds amazing,0.6000000000000001,0.9,positive
57,"Cristiano Ronaldo celebrates at Old Trafford with the Premier League trophy, 2007.","Cristiano Ronaldo celebrates Old Trafford Premier League trophy, 2007.",0.1,0.2,positive
58,"No matter what happens with Cristiano Ronaldo we gotta love his return & he saved us from an even more embarrassing finish last season, we came back and still shown he can score goals in the hardest league. 

I‚Äôll always respect the goat 

Credit: 
@Osamapro_7
 

#GlazersOut ","No matter happens Cristiano Ronaldo gotta love return & saved us even embarrassing finish last season, came back still shown score goals hardest league. I‚Äôll always respect goat Credit: _7",0.16666666666666666,0.2222222222222222,positive
59,Stormzy has got Ronaldo's back ,Stormzy got Ronaldo's back,0.0,0.0,neutral
60,"This World Cup has many LEGENDS playing their last one 

. Messi 
. Ronaldo 
. Modric 
. Neuer 
. T. Muller 
. Lewa 
. Neymar 
. T. Silva 
. Benzema 
. Bale 
. KDB 
. Suarez ",This World Cup many LEGENDS playing last one . Messi . Ronaldo . Modric . Neuer . T. Muller . Lewa . Neymar . T. Silva . Benzema . Bale . KDB . Suarez,0.25,0.2833333333333333,positive
61," Cristiano Ronaldo to Sporting isn't nearly done, and  it is not a possiblity that Cristiano will join the club this month #mujournal

[
@JonathanShrager
]","Cristiano Ronaldo Sporting nearly done, possiblity Cristiano join club month [ ]",0.1,0.4,positive
62,Ronaldo's debut vs Newcastle,Ronaldo's debut vs Newcastle,0.0,0.0,neutral
63," BREAKING  : Cristiano Ronaldo is reportedly on the verge of signing for Sporting Lisbon. The deal is 99% done.

 The club will begin presentation preparations tomorrow.

(Source: 
@caughtoffside
) 

#CR7ìÉµ #ronaldo #RealMadrid #MUFC",BREAKING : Cristiano Ronaldo reportedly verge signing Sporting Lisbon. The deal 99% done. The club begin presentation preparations tomorrow. (Source: ) ìÉµ,0.5,1.0,positive
64," Lionel Messi is the 3rd top scorer of all-time in the history of competitive football;

 Cristiano Ronaldo-815* goals
 Josef Bican-805 goals
 Lionel Messi-773* goals

#MessiìÉµ|#ChampionsLeague|#UCLdraw",Lionel Messi 3rd top scorer all-time history competitive football; Cristiano Ronaldo-815* goals Josef Bican-805 goals Lionel Messi-773* goals ìÉµ||,0.25,0.25,positive
65,The way Ronaldo bounced back from all kind of adversities throughout his career is't talked about enough ,The way Ronaldo bounced back kind adversities throughout career is't talked enough,0.19999999999999998,0.4666666666666666,positive
66," MESSI STATS 

 Juventus
 7 games
 3 goals",MESSI STATS Juventus 7 games 3 goals,0.0,0.0,neutral
67,"Sporting are now the odds on favourite to sign Cristiano Ronaldo.

(Sky Bet)",Sporting odds favourite sign Cristiano Ronaldo. (Sky Bet),0.0,0.0,neutral
68,"- Barcelona fans tweeting comps of Ronaldo playmaking
- Madrid fans tweeting comps of Messi playmaking.",- Barcelona fans tweeting comps Ronaldo playmaking - Madrid fans tweeting comps Messi playmaking.,0.0,0.0,neutral
69,A last roll of the dice in Ligue 1 could well be on for Cristiano #MUFC,A last roll dice Ligue 1 could well Cristiano,0.0,0.06666666666666667,neutral
70,Get someone who looks at you the way Ronaldo looks at Martial ,Get someone looks way Ronaldo looks Martial,0.0,0.0,neutral
71,Benzema without Ronaldo.  The main man behind Ronaldo‚Äôs success at Real Madrid. ,Benzema without Ronaldo. The main man behind Ronaldo‚Äôs success Real Madrid.,0.06666666666666665,0.3333333333333333,positive
72,Karim Benzema winning European Player of the year award breaking Ronaldo‚Äôs record from 2016/17 is not normal feat. No matter how much you gas up Lewandowski or Suarez they‚Äôd never have a season like this in their life. Ballon D‚ÄôOr next!,Karim Benzema winning European Player year award breaking Ronaldo‚Äôs record 2016/17 normal feat. No matter much gas Lewandowski Suarez they‚Äôd never season like life. Ballon D‚ÄôOr next!,0.17,0.31999999999999995,positive
73,Cristiano Ronaldo holds the record for most goals in a Champions League group stage (11).,Cristiano Ronaldo holds record goals Champions League group stage (11).,0.0,0.0,neutral
74,Cristiano Ronaldo has won UEFA Men's Player of the Year award more times than anyone else ,Cristiano Ronaldo UEFA Men's Player Year award times anyone else,0.0,0.0,neutral
75,Cristiano Ronaldo leaving Juventus was a bigger mistake than leaving Real Madrid,Cristiano Ronaldo leaving Juventus bigger mistake leaving Real Madrid,0.1,0.4,positive
76,"Cristiano Ronaldo to Sporting Lisbon isn't nearly done and is not a possibility this month. 

(
@JonathanShrager
)",Cristiano Ronaldo Sporting Lisbon nearly done possibility month. ( ),0.1,0.4,positive
77,"‚ÄîBenzema can‚Äôt be forgiven. 

‚ÄîRonaldo being reduced to a goalscorer by Gen Z is a crime.",‚ÄîBenzema can‚Äôt forgiven. ‚ÄîRonaldo reduced goalscorer Gen Z crime.,0.0,0.0,neutral
78,Ross Wilson waking up and realising he‚Äôs bid for Cristiano Ronaldo,Ross Wilson waking realising he‚Äôs bid Cristiano Ronaldo,0.0,0.0,neutral
79,Sofascore ratings are something else #MUFC #ronaldoìÉµ,Sofascore ratings something else ìÉµ,0.0,0.0,neutral
80,Cristiano Ronaldo look so happy with winners around him ,Cristiano Ronaldo look happy winners around,0.8,1.0,positive
81,Ronaldo will be watching this draws carefully so he can decide his next club to beg to sign for,Ronaldo watching draws carefully decide next club beg sign,-0.05,0.5,negative
82,"When Cristiano Ronaldo met top Real Madrid legends in 2013. He said ""I want to Real Madrid's top scorer one day"".

Not only did he fulfill his promise, He became a legend himself. ","When Cristiano Ronaldo met top Real Madrid legends 2013. He said ""I want Real Madrid's top scorer one day"". Not fulfill promise, He became legend himself.",0.35,0.4,positive
83,Cristiano Ronaldo singing to the Champions League anthem.,Cristiano Ronaldo singing Champions League anthem.,0.0,0.0,neutral
84,"No even out Amsterdam yet and ronaldo to rangers on my time line, fuck was in they cakes last night ","No even Amsterdam yet ronaldo rangers time line, fuck cakes last night",-0.2,0.3333333333333333,negative
85,"Ronaldo , casemiro , varane, Sancho, incoming Antony , Bruno , martial , Rashford ,Eriksen .. bro we don‚Äôt deserve to play Europa League chale.these players ain‚Äôt Europa league material","Ronaldo , casemiro , varane, Sancho, incoming Antony , Bruno , martial , Rashford ,Eriksen .. bro don‚Äôt deserve play Europa League chale.these players ain‚Äôt Europa league material",0.0,0.0,neutral
86,Cristiano Ronaldo posts curiously-timed message moments after Champions League draw #MUFC,Cristiano Ronaldo posts curiously-timed message moments Champions League draw,0.0,0.0,neutral
87,"Best striker you've met in your life?

Kroos: Definitely Cristiano Ronaldo.",Best striker met life? Kroos: Definitely Cristiano Ronaldo.,0.5,0.4,positive
88,Welcome to Marseille,Welcome Marseille,0.8,0.9,positive
89,It‚Äôs like man united is not the one playing hardcore to sell Ronaldo but no champions league team Dey wan buy Ogyam oo‚Ä¶ eii .. marseille too zero Humilidad,It‚Äôs like man united one playing hardcore sell Ronaldo champions league team Dey wan buy Ogyam oo‚Ä¶ eii .. marseille zero Humilidad,-0.2,0.15000000000000002,negative
90,"De Jong Still On! Ronaldo to Sporting? We're LIVE https://buff.ly/3ThJ8EL 

#mufc",De Jong Still On! Ronaldo Sporting? We're LIVE https://buff.ly/3ThJ8EL,0.13636363636363635,0.5,positive
91,"Carlo Ancelotti : 
""No disrespect to anyone else but Cristiano Ronaldo is the greatest player i have ever coached.""","Carlo Ancelotti : ""No disrespect anyone else Cristiano Ronaldo greatest player ever coached.""",1.0,1.0,positive
92,  Cristiano Ronaldo with UEFA Men‚Äôs Player of the Year.,Cristiano Ronaldo UEFA Men‚Äôs Player Year.,0.0,0.0,neutral
93,Carragher talking trash about Ronaldo every single day for no reason vs Ronaldo paying back by ignoring Carragher on live TV,Carragher talking trash Ronaldo every single day reason vs Ronaldo paying back ignoring Carragher live TV,0.021645021645021644,0.2380952380952381,positive
94,"Who wants a sugar mummy   and I love Wizkid, Davido, Ronaldo and Rihanna too","Who wants sugar mummy I love Wizkid, Davido, Ronaldo Rihanna",0.35,0.35,positive
95,"Only two players have scored in every game in a single #UCL Group Stage campaign:

‚óâ Cristiano Ronaldo (2017/18)
‚óâ S√©bastien Haller (2021/22)

Will anyone join the list this season?

#UCLdraw 
#ChampionsLeague",Only two players scored every game single : ‚óâ Cristiano Ronaldo (2017/18) ‚óâ S√©bastien Haller (2021/22) Will anyone join list season?,-0.15714285714285714,0.5380952380952381,negative
96,"Cristiano Ronaldo is on the verge of signing for Sporting Lisbon. The deal is 99% done. [
@caughtoffside
] #MUFC",Cristiano Ronaldo verge signing Sporting Lisbon. The deal 99% done. [ ],0.0,0.0,neutral
97," - Jorge Mendes is in Marseille. [@FlorentTorchut] 

Just after rumours of Ronaldo going to Marseille from #mufc.",- Jorge Mendes Marseille. [] Just rumours Ronaldo going Marseille .,0.0,0.0,neutral
98,Bayern chief explains Ronaldo stance with thinly-veiled dig #mufc,Bayern chief explains Ronaldo stance thinly-veiled dig,0.0,0.0,neutral
99,Ronaldo‚Äôs sister is back again,Ronaldo‚Äôs sister back,0.0,0.0,neutral
100,"""I think he's gonna be staying...""

@David_Ornstein believes #MUFC captain Harry Maguire is likely to stay at the club - even if he's not in ten Hag's first XI.

Thoughts United fans?","""I think he's gonna staying..."" _Ornstein believes - even he's ten Hag's first XI. Thoughts United fans?",0.125,0.16666666666666666,positive
101,Ronaldo Must Start! Antony Update! I'm LIVE https://youtube.com/watch?v=EOvHPc70b-A‚Ä¶,Ronaldo Must Start! Antony Update! I'm LIVE https://youtube.com/watch?v=EOvHPc70b-A‚Ä¶,0.13636363636363635,0.5,positive
102,"In the last 15 years Messi & Ronaldo have combined 29 goals from 30+ yard, Messi scored 1, Ronaldo scored 28","In last 15 years Messi & Ronaldo combined 29 goals 30+ yard, Messi scored 1, Ronaldo scored 28",0.0,0.06666666666666667,neutral
103,Cristiano Ronaldo arriving at Carrington this morning.,Cristiano Ronaldo arriving Carrington morning.,0.0,0.0,neutral
104," Cristiano Ronaldo is on the verge of signing for Sporting Lisbon. The deal is 99% done. [
@caughtoffside
]",Cristiano Ronaldo verge signing Sporting Lisbon. The deal 99% done. [ ],0.0,0.0,neutral
105,"GOING LIVE https://youtu.be/X8Z4zS4bkYg via 
@YouTube
 

Antony, Gakpo, Ronaldo & Ten Hag Transfer Latest | Man Utd Transfer News LIVE

#transfernews #mufc #manutd #gakpo #antony #tenhag #ronaldo #manchesterunited #latest","GOING LIVE https://youtu.be/X8Z4zS4bkYg via Antony, Gakpo, Ronaldo & Ten Hag Transfer Latest | Man Utd Transfer News LIVE",0.19318181818181818,0.475,positive
106,Ronaldo watching #UCLdraw,Ronaldo watching,0.0,0.0,neutral
107,"No Man utd/Ronaldo slander for tonight, i wish them best luck for the Champions league draw","No Man utd/Ronaldo slander tonight, wish best luck Champions league draw",1.0,0.3,positive
108,Ronaldo fans in the building  #RonaldoOM,Ronaldo fans building,0.0,0.0,neutral
109,"Relationship is sex. If you want goals, call Messi / Ronaldo.","Relationship sex. If want goals, call Messi / Ronaldo.",0.0,0.0,neutral
110,"Will Ronaldo play a part for Erik Ten Hag‚Äôs #MUFC this season? 

#GlazersOut ",Will Ronaldo play part Erik Ten Hag‚Äôs ?,0.0,0.0,neutral
111,"Best forward you've met in your life?

Kroos: ‚ÄúDefinitely Cristiano Ronaldo.‚Äù",Best forward met life? Kroos: ‚ÄúDefinitely Cristiano Ronaldo.‚Äù,0.5,0.4,positive
112," Sporting Lisbon are going to begin presentation preparations for Ronaldo from tomorrow. Their squad have been preparing for his return for weeks. [
@caughtoffside
]",Sporting Lisbon going begin presentation preparations Ronaldo tomorrow. Their squad preparing return weeks. [ ],0.0,0.0,neutral
113,"Manchester United's public stance is Cristiano Ronaldo is not for sale but if a suitable offer comes in the final days then him leaving might be a possibility. It's a transfer to keep an eye on till deadline.

[
@David_Ornstein
]",Manchester United's public stance Cristiano Ronaldo sale suitable offer comes final days leaving might possibility. It's transfer keep eye till deadline. [ _Ornstein ],0.18333333333333335,0.6055555555555555,positive
114,"They know what they‚Äôre doing. Ronaldo told you this isn‚Äôt true but when Sporting deny these rumours, they‚Äôll say ‚ÄúaNoThER cLuB rEjEcTeD RonAlDO‚Äù","They know they‚Äôre doing. Ronaldo told isn‚Äôt true Sporting deny rumours, they‚Äôll say ‚ÄúaNoThER cLuB rEjEcTeD RonAlDO‚Äù",0.35,0.65,positive
115," JUST IN: Cristiano Ronaldo is on the verge of signing for Sporting Lisbon from #mufc.

The club are going to begin presentation preparations from tomorrow. The deal 99% done #mujournal 

[
@caughtoffside
]",JUST IN: Cristiano Ronaldo verge signing Sporting Lisbon . The club going begin presentation preparations tomorrow. The deal 99% done [ ],0.0,0.0,neutral
116,Cristiano Ronaldo has the most UEFA Men's Player Of The Year Awards in history ,Cristiano Ronaldo UEFA Men's Player Of The Year Awards history,0.0,0.0,neutral
117,"OM president Longoria confirms that Cristiano Ronaldo rumours are wide of mark: ‚ÄúIt‚Äôs the social media world full of fake news. We want reality. Ronaldo deal is not for us‚Äù  #OM

‚ÄúIt‚Äôd be like saying that De Bruyne or Haaland are OM targets‚Ä¶ let‚Äôs focus on our real project‚Äù.",OM president Longoria confirms Cristiano Ronaldo rumours wide mark: ‚ÄúIt‚Äôs social media world full fake news. We want reality. Ronaldo deal us‚Äù ‚ÄúIt‚Äôd like saying De Bruyne Haaland OM targets‚Ä¶ let‚Äôs focus real project‚Äù.,-0.0033333333333333327,0.46333333333333326,negative
118,I can see m. haifa in the #UCLdraw but I can‚Äôt see ronaldo‚Äôs team ,I see m. haifa ‚Äôt see ronaldo‚Äôs team,0.0,0.0,neutral
119,Glum Cristiano Ronaldo arrives at Man Utd training as agent Jorge Mendes continues transfer search for dropped striker,Glum Cristiano Ronaldo arrives Man Utd training agent Jorge Mendes continues transfer search dropped striker,0.0,0.0,neutral
120,"Believe me. I swear 
@Cristiano
 is waiting for the 
@ucl
 stage draw to find a team in the easiest group, where he can statpad this season 

That's the main reason why he delayed his announcement. But who's gonna tell him that no one wants him? ","Believe me. I swear waiting stage draw find team easiest group, statpad season That's main reason delayed announcement. But who's gonna tell one wants him?",0.18333333333333335,0.21666666666666667,positive
121,He literally won UEFA POTY as a DEFENDER in the Messi-Ronaldo era,He literally UEFA POTY DEFENDER Messi-Ronaldo era,0.0,0.0,neutral
122,Casemiro x Ronaldo. Reunited yet again. ,Casemiro x Ronaldo. Reunited yet again.,0.0,0.0,neutral
123,Ronaldo‚Äôs move to sporting Cp almost done? young Fatau Issahaku about to carry this fraud smh,Ronaldo‚Äôs move sporting Cp almost done? young Fatau Issahaku carry fraud smh,0.1,0.4,positive
124, Quand #Ronaldo parle de sa premi√®re rencontre avec Taribo #West ! ,Quand √®re rencontre avec Taribo !,0.0,0.0,neutral
125,"The real GOAT is playing in Champions league 
#UCLdraw 

Likes for Messi  
 Retweets for Ronaldo ",The real GOAT playing Champions league,0.2,0.30000000000000004,positive
126,"Focused on us Bro ! 
@OM_Officiel
 ",Focused us Bro ! _Officiel,0.0,0.0,neutral
127,"Barcelona and Bayern meet again in the #ChampionsLeague group stages

Which team will concede the most goals?

Retweet  - Bayern

Like  -  Barcelona

Europa League #UCLdraw Welcome to Manchester United Group C Karim Benzema, Cristiano Ronaldo #ChampionsLeagueDraw Yaya Toure","Barcelona Bayern meet ? Retweet - Bayern Like - Barcelona Europa League , Cristiano Ronaldo",0.0,0.0,neutral
128,"Because Ronaldo isn‚Äôt playing this year‚Äôs Champions league no one is even talking about it. Real Goat influence, Messi can never","Because Ronaldo isn‚Äôt playing year‚Äôs Champions league one even talking it. Real Goat influence, Messi never",0.2,0.30000000000000004,positive
129,Lowkey there are people who lie to themselves that cristaino Ronaldo is not the real Ronaldo or he‚Äôs not better then Brazilian Ronaldo  I even their stupidity,Lowkey people lie cristaino Ronaldo real Ronaldo he‚Äôs better Brazilian Ronaldo I even stupidity,0.033333333333333326,0.6,positive
130,"The One & Only Goat 
@Cristiano",The One & Only Goat,0.0,1.0,neutral
131,"BREAKING: Rangers have enquired about taking Cristiano Ronaldo to Ibrox on loan, with the future of Alfredo Morelos in doubt and Champions League football secured. ","BREAKING: Rangers enquired taking Cristiano Ronaldo Ibrox loan, future Alfredo Morelos doubt Champions League football secured.",0.0,0.125,neutral
132,Ronaldo is focused on winning the Europa League and then Super Cup as well. Carrying a whole team on your shoulder ain‚Äôt easy. GOAT for a reason #UEFA,Ronaldo focused winning Europa League Super Cup well. Carrying whole team shoulder ain‚Äôt easy. GOAT reason,0.36666666666666664,0.6625,positive
133,Casemiro‚Äôs first interview as a Man Utd player has offered a glimpse at just how unhappy Ronaldo is at the club,Casemiro‚Äôs first interview Man Utd player offered glimpse unhappy Ronaldo club,-0.175,0.6166666666666667,negative
134,"Cristiano Ronaldo is on the verge of signing for Sporting Lisbon. The club are going to begin presentation preparations from tomorrow. Deal 99% done. [
@caughtoffside
] #mufc",Cristiano Ronaldo verge signing Sporting Lisbon. The club going begin presentation preparations tomorrow. Deal 99% done. [ ],0.0,0.0,neutral
135,"Playing Europa League with Champions League stars. 

Cristiano Ronaldo is ‚ÄúFocused‚Äù #3Sports",Playing Europa League Champions League stars. Cristiano Ronaldo ‚ÄúFocused‚Äù,0.0,0.0,neutral
136,Be like say Ronaldo dey wait for group stage draw make e see the team wey e go beg ,Be like say Ronaldo dey wait group stage draw make e see team wey e go beg,0.0,0.0,neutral
137,without Ronaldo     without Benzema,without Ronaldo without Benzema,0.0,0.0,neutral
138," Cristiano Ronaldo is on the verge of signing for Sporting Lisbon. The deal is 99% done. [
@caughtoffside
] #MUFC ",Cristiano Ronaldo verge signing Sporting Lisbon. The deal 99% done. [ ],0.0,0.0,neutral
139,How Ronaldo & Messi gets attention.,How Ronaldo & Messi gets attention.,0.0,0.0,neutral
140,"Who wants a sugar mummy   and I love Wizkid, Davido, Ronaldo and Rihanna too.","Who wants sugar mummy I love Wizkid, Davido, Ronaldo Rihanna too.",0.35,0.35,positive
141,Cristiano Ronaldo - Playmaking,Cristiano Ronaldo - Playmaking,0.0,0.0,neutral
142,Christiano Ronaldo is the fittest man on the planet. He is the Greatest of All Time!,Christiano Ronaldo fittest man planet. He Greatest All Time!,1.0,1.0,positive
143,Pebbam tier 4 laughing from amba land,Pebbam tier 4 laughing amba land,0.0,0.0,neutral
144,"When Jose Mourinho asked Cristiano Ronaldo to play as a striker for the first time ever.

x",When Jose Mourinho asked Cristiano Ronaldo play striker first time ever. x,0.25,0.3333333333333333,positive
145," BREAKING ||

Cristiano Ronaldo is one of the most underachieved football players considering his footballing abilities... 

Reason : bad carrier decisions",BREAKING || Cristiano Ronaldo one underachieved football players considering footballing abilities... Reason : bad carrier decisions,-0.6999999999999998,0.6666666666666666,negative
146," day,  nominee

Today, Cristiano Ronaldo 

#ballondor","day, nominee Today, Cristiano Ronaldo",0.0,0.0,neutral
147,Every goal scored by Cristiano Ronaldo in the 2007/08 season. #mufc,Every goal scored Cristiano Ronaldo 2007/08 season.,0.0,0.0,neutral
148," Casemiro: ""They [Ronaldo & Varane] are two players that I've had the pleasure of playing alongside. We could spend all day talking about Cristiano. He's one of the best players in the history of football."" [MU]","Casemiro: ""They [Ronaldo & Varane] two players I've pleasure playing alongside. We could spend day talking Cristiano. He's one best players history football."" [MU]",1.0,0.3,positive
149,Ronaldo's sister posted my graphic on her Instagram story kaznation is alive,Ronaldo's sister posted graphic Instagram story kaznation alive,0.05,0.4,positive
150,I love how everyone is talking shit against Ronaldo for not playing in the Champions League this season like he doesnt own every single record in that Competition already ,I love everyone talking shit Ronaldo playing Champions League season like doesnt every single record Competition already,0.07619047619047618,0.5380952380952381,positive
151," Cristiano Ronaldo is on the verge of signing for Sporting Lisbon.

The club are going to begin presentation preparations from tomorrow. Deal 99% done.

Jorge Mendes worked around the clock to find a solution.

Sporting squad have been preparing for Ronaldo's return for weeks.",Cristiano Ronaldo verge signing Sporting Lisbon. The club going begin presentation preparations tomorrow. Deal 99% done. Jorge Mendes worked around clock find solution. Sporting squad preparing Ronaldo's return weeks.,0.0,0.0,neutral
152,Started the window talking about Ross Stewart up front. Ending it talking about Ronaldo up front. What a wild 8 weeks.,Started window talking Ross Stewart front. Ending talking Ronaldo front. What wild 8 weeks.,0.1,0.4,positive
153,"Unpopular opinion: Pele played in a harder era than Messi and Ronaldo 
Finally a good video from this cancerous app btw",Unpopular opinion: Pele played harder era Messi Ronaldo Finally good video cancerous app btw,0.3,0.30000000000000004,positive
154,"| 
@FabrizioRomano
 

""There has been no negiotations or meetings regarding Cristiano Ronaldo signing for Marseille.""

[
@YouTube
] #MUFC ","| ""There negiotations meetings regarding Cristiano Ronaldo signing Marseille."" [ ]",0.0,0.0,neutral
155," Cristiano Ronaldo is being super professional and serious in training. I‚Äôm also told that he is not creating any problems in the dressing room 
@FabrizioRomano
 @YouTube
 ",Cristiano Ronaldo super professional serious training. I‚Äôm also told creating problems dressing room,0.03333333333333335,0.4777777777777777,positive
156,"Respect to 
@David_Ornstein
 for teaming up with the FIVE team! Speaking on the Inside Info 

https://youtu.be/VndhYWkjcTw",Respect _Ornstein teaming FIVE team! Speaking Inside Info https://youtu.be/VndhYWkjcTw,0.0,0.0,neutral
157,Ronaldo pictured at the San Siro having joined Inter in 1997 for a World Record fee  ,Ronaldo pictured San Siro joined Inter 1997 World Record fee,0.0,0.0,neutral
158,Ronaldo seeing this right now,Ronaldo seeing right,0.2857142857142857,0.5357142857142857,positive
159,Ronaldo‚Äôs sister‚Äôs obsession with Messi  ,Ronaldo‚Äôs sister‚Äôs obsession Messi,0.0,0.0,neutral
160,Life before Cristiano Ronaldo rejoined Man Utd,Life Cristiano Ronaldo rejoined Man Utd,0.0,0.0,neutral
161,"Available Singles. Shipping $1.50. PayPal Only

$15 - Kelenic
$5 - Ronaldo Hernandez
$8 - Beer
@CardboardEchoes
 @sports_sell
 @84baseballcards
 @Hobby_Connect
 @SportsSell3
 #thehobby #baseballcards 

 DM to Claim!",Available Singles. Shipping $1.50. PayPal Only $15 - Kelenic $5 - Ronaldo Hernandez $8 - Beer _sell _Connect !,0.2,0.7,positive
162,Casemiro trying to catch Ronaldo who is running to Portugal after seeing the Sporting CP UCL Group ,Casemiro trying catch Ronaldo running Portugal seeing Sporting CP UCL Group,0.0,0.0,neutral
163,His hero played a similar role to Casemiro during his playing days #mufc,His hero played similar role Casemiro playing days,0.0,0.4,neutral
164,It seems Casemiro has been following United over the years #mufc,It seems Casemiro following United years,0.0,0.1,neutral
165,Cristiano Ronaldo 'on brink' of Manchester United exit #mufc,Cristiano Ronaldo 'on brink' Manchester United exit,0.0,0.0,neutral
166,"Ronaldo and Bruno looking for POT 5!

#UCLdraw",Ronaldo Bruno looking POT 5!,0.0,0.0,neutral
167,This is why Cristiano Ronaldo is the Greatest Player of All Time ,This Cristiano Ronaldo Greatest Player All Time,1.0,1.0,positive
168,Ronaldo-playmaking,Ronaldo-playmaking,0.0,0.0,neutral
169,Ronaldo at Killie away when Alan Power tries to wind him up,Ronaldo Killie away Alan Power tries wind,-0.1,0.4,negative
170,Three days in Carrington and he's already running faster than Ronaldo ,Three days Carrington he's already running faster Ronaldo,0.0,0.0,neutral
171,"Ronaldo Played 6 Times against barcelona in UCL  & He never Scored a single open Play goal against them .

Big Game Player or Big Game Choker ?",Ronaldo Played 6 Times barcelona UCL & He never Scored single open Play goal . Big Game Player Big Game Choker ?,-0.14523809523809525,0.28571428571428575,negative
172,Cristiano Ronaldo and Casemiro in training today ,Cristiano Ronaldo Casemiro training today,0.0,0.0,neutral
173,One of Cristiano Ronaldo's craziest International stats ,One Cristiano Ronaldo's craziest International stats,0.0,0.0,neutral
174,"We don't know yet what his future brings, but the one thing we know is media won't show you happy Ronaldo.","We know yet future brings, one thing know media show happy Ronaldo.",0.4,0.5625,positive
175,Las las Ronaldo will join PSG,Las las Ronaldo join PSG,0.0,0.0,neutral
176,"Hey, can we exchange contacts and chat on WhatsApp? I love Wizkid, Davido, Ronaldo and Rihanna too.","Hey, exchange contacts chat WhatsApp? I love Wizkid, Davido, Ronaldo Rihanna too.",0.5,0.6,positive
177,"| Cristiano Ronaldo is very likely to LEAVE Manchester United before the end of the transfer window.

Agent Jorge Mendes is working tirelessly to secure #Ronaldo move back to Sporting Lisbon (most likely destination).

Money from sale could be used to meet PSV price for Gakpo.",| Cristiano Ronaldo likely LEAVE Manchester United end transfer window. Agent Jorge Mendes working tirelessly secure (most likely destination). Money sale could used meet PSV price Gakpo.,0.225,0.775,positive
178,Ronaldo posted on Twitter during the draws. Man likes attention a lot and I honestly enjoy how people react to these things that he does. ,Ronaldo posted Twitter draws. Man likes attention lot I honestly enjoy people react things does.,0.4,0.5,positive
179,"Ronaldo set a new Record ______. 
Guess it correctly & you stand a chance of winning $10 ‚Ä¶. Right Now",Ronaldo set new Record ______. Guess correctly & stand chance winning $10 ‚Ä¶. Right Now,0.30735930735930733,0.5800865800865801,positive
180,"Cristiano Ronaldo is being super professional and serious in training. I‚Äôm also told that he is not creating any problems in the dressing room.

[
@FabrizioRomano
 ]",Cristiano Ronaldo super professional serious training. I‚Äôm also told creating problems dressing room. [ ],0.03333333333333335,0.4777777777777777,positive
181,"Cristiano Ronaldo with the UEFA Men's Player Of The Year and UEFA Forward Of The Year. 
#ThrowbackThursday",Cristiano Ronaldo UEFA Men's Player Of The Year UEFA Forward Of The Year.,0.0,0.0,neutral
182,"A PL xi of my favorite players only. I lost Pogba, Bailly and Greenwood 

Ronaldo annoys me so he‚Äôs also out","A PL xi favorite players only. I lost Pogba, Bailly Greenwood Ronaldo annoys he‚Äôs also",0.25,1.0,positive
183,"Definitely looks like Antony + GK (Dubravka) and that's the window. Personally, I still believe even if Ronaldo goes, that's it.","Definitely looks like Antony + GK (Dubravka) that's window. Personally, I still believe even Ronaldo goes, that's it.",0.0,0.4,neutral
184,"| Cristiano Ronaldo is on the verge of signing for Sporting Lisbon. The club are going to begin presentation preparations from tomorrow. 

Deal 99% done. #MUFC 

[
@caughtoffside
]",| Cristiano Ronaldo verge signing Sporting Lisbon. The club going begin presentation preparations tomorrow. Deal 99% done. [ ],0.0,0.0,neutral
185,"How about the art of defending.
#footballvideos #ARSFUL #UCLdraw #EPL #ManchesterUnited #ronaldo #football #FutbolWars",How art defending.,0.0,0.0,neutral
186,Which UCL group are you in??? ,Which UCL group in???,0.0,0.0,neutral
187,Cristiano Ronaldo watching a Champions League draw his team isn't involved in ,Cristiano Ronaldo watching Champions League draw team involved,0.0,0.0,neutral
188,Karim Benzema becomes the first Real Madrid player to win the UEFA Player of the Year Award since Cristiano Ronaldo in 2017.,Karim Benzema becomes first Real Madrid player win UEFA Player Year Award since Cristiano Ronaldo 2017.,0.4166666666666667,0.3444444444444444,positive
189,"| Sporting Lisbon are going to begin presentation preparations for Ronaldo from tomorrow. Their squad have been preparing for his return for weeks. [
@caughtoffside
]",| Sporting Lisbon going begin presentation preparations Ronaldo tomorrow. Their squad preparing return weeks. [ ],0.0,0.0,neutral
190,If you ever feel stupid just remember Ronaldo fans starting hyping Marseille UCL trophy just for their GOAT to get rejected ,If ever feel stupid remember Ronaldo fans starting hyping Marseille UCL trophy GOAT get rejected,-0.39999999999999997,0.55,negative
191,Cristiano Ronaldo in training today,Cristiano Ronaldo training today,0.0,0.0,neutral
192,Cristiano Ronaldo to Marseille would have been epic ,Cristiano Ronaldo Marseille would epic,0.1,0.4,positive
193,"*Sprite Fizz* Yeh lo #FridayRelease. Sprite kholo, scan kro, watch kro, aur (just like me ) apna heat release karte raho! 
@Sprite_India
 #ThandRakh 
@divyenndu","*Sprite Fizz* Yeh lo . Sprite kholo, scan kro, watch kro, aur (just like ) apna heat release karte raho! _India",0.0,0.0,neutral
